doc_id,title,doc_type,num_pages,num_chunks
2605.20068v1,2605.20068v1.pdf,report,18,30
2605.19685v1,2605.19685v1.pdf,report,13,16
2605.19641v1,2605.19641v1.pdf,report,38,49
2605.20122v1,2605.20122v1.pdf,report,15,22
2605.20145v1,2605.20145v1.pdf,report,31,43
